{
    "1_hop": {
        "context_precision": 0.030943243525480363,
        "context_recall": 0.625
    },
    "2_hop": {
        "context_precision": 0.04891903512446806,
        "context_recall": 0.5
    },
    "isolated": {
        "context_precision": 0.13884142173615854,
        "context_recall": 0.625
    },
    "hubs": {
        "context_precision": 0.24788172845852152,
        "context_recall": 0.050358246635663566
    },
    "totalmente_fuori_contesto": {
        "context_precision": 0.6666666666666666,
        "context_recall": 0.6666666666666666
    }
}