{
    "1_hop": {
        "context_precision": 0.3936885904971011,
        "context_recall": 0.875
    },
    "2_hop": {
        "context_precision": 0.5199063231850117,
        "context_recall": 0.75
    },
    "isolated": {
        "context_precision": 0.6604166666666667,
        "context_recall": 1.0
    },
    "hubs": {
        "context_precision": 0.4154291878654138,
        "context_recall": 0.06139428129011181
    },
    "totalmente_fuori_contesto": {
        "context_precision": 1.0,
        "context_recall": 1.0
    }
}