{
    "1_hop": {
        "context_precision": 0.34076811346548186,
        "context_recall": 0.75
    },
    "2_hop": {
        "context_precision": 0.15596885367647462,
        "context_recall": 1.0
    },
    "isolated": {
        "context_precision": 0.0683898868533843,
        "context_recall": 0.875
    },
    "hubs": {
        "context_precision": 0.3503403896013848,
        "context_recall": 0.09255882854896101
    },
    "totalmente_fuori_contesto": {
        "context_precision": 1.0,
        "context_recall": 1.0
    }
}