{
    "1_hop": {
        "context_precision": 0.1622504938714247,
        "context_recall": 0.75
    },
    "2_hop": {
        "context_precision": 0.026665752860592813,
        "context_recall": 0.75
    },
    "isolated": {
        "context_precision": 0.181925185560054,
        "context_recall": 1.0
    },
    "hubs": {
        "context_precision": 0.3770733477529751,
        "context_recall": 0.0553433596588161
    },
    "totalmente_fuori_contesto": {
        "context_precision": 1.0,
        "context_recall": 1.0
    }
}