{
    "1_hop": {
        "context_precision": 0.5386904761904762,
        "context_recall": 0.875
    },
    "2_hop": {
        "context_precision": 0.6591989908789407,
        "context_recall": 1.0
    },
    "isolated": {
        "context_precision": 0.5666666666666667,
        "context_recall": 1.0
    },
    "hubs": {
        "context_precision": 0.46265403524556675,
        "context_recall": 0.10755200695558431
    },
    "totalmente_fuori_contesto": {
        "context_precision": 1.0,
        "context_recall": 1.0
    }
}